No,Site,Site Name,Kabupaten,Kecamatan,Latitdue,Longitude
1,MGR071,DesaJangkarAsam2,BELITUNG TIMUR,GANTUNG,-3.023201,108.093191
2,TJN005,Dukong2,BELITUNG,TANJUNGPANDAN,-2.78012,107.6531
3,KOB019,KemingkingSSelan,BANGKA TENGAH,SUNGAI SELAN,-2.456639,106.129339
4,TBI110,DesaRenggas,BANGKA SELATAN,AIR GEGAS,-2.597,106.37312
5,TBI024,Teladan2,BANGKA SELATAN,TOBOALI,-2.987958,106.457821
6,NTB049,SungaiBuluh,BANGKA BARAT,JEBUS,-1.72381,105.43313
7,NTB014,KelapaTuik,BANGKA BARAT,KELAPA,-1.81494,105.73659
8,MTK135,KelapaBangkaBarat,BANGKA BARAT,KELAPA,-1.885,105.6936
9,SLT077,Jelitik,BANGKA,SUNGAILIAT,-1.87468,106.13135
10,NTB112,SukarajaPenukal,PENUKAL ABAB LEMATANG ILIR,PENUKAL,-3.201611,104.04844
11,PBI146,PancaDesa,BANYUASIN,BANYUASIN I,-2.91188,104.9445
12,PBI136,TanjungBaruBNS,BANYUASIN,SUMBER MARGA TELANG,-2.489314,104.88766
13,PBI094,SungaiRengitTalangkelapa,BANYUASIN,TALANG KELAPA,-2.897278,104.61456
14,PBI036,JalanTanjungSari,BANYUASIN,TALANG KELAPA,-2.93568,104.65037
15,AGR048,BKKBN_Kurotidur2,BENGKULU UTARA,PADANG JAYA,-3.35708,102.17699
16,AGR173,PasarSebelatPutriHijau,BENGKULU UTARA,PUTRI HIJAU,-3.22435,101.640475
17,NTB110,KotaLekatIlir,BENGKULU UTARA,HULU PALIK,-3.505281,102.26885
18,MKO054,Saribulan,MUKO MUKO,AIR DIKIT,-2.61883,101.29132
19,SPN105,TalangKemulun,KERINCI,DANAU KERINCI,-2.101261,101.542821
20,SPN121,TalangLindungSPN,KOTA SUNGAI PENUH,SUNGAI BUNGKAL,-2.082871,101.371551
21,BKO092,TalanGasal,MERANGIN,LEMBAH MASURAI,-2.3832,101.9852
22,BKO101,AurBerduri2,MERANGIN,NALO TANTAN,-2.004176,102.206575
23,KLA343,MargaAgung,LAMPUNG SELATAN,JATI AGUNG,-5.330151,105.327931
24,KLA340,Pasuruan,LAMPUNG SELATAN,PENENGAHAN,-5.741061,105.678981
25,KLA174,NegaraRatuNatar,LAMPUNG SELATAN,NATAR,-5.31684,105.18377
26,BDL029,TalangReloc,KOTA BANDAR LAMPUNG,TELUK BETUNG UTARA,-5.445112,105.263507
27,NTB089,JeranglahTinggi,BENGKULU SELATAN,MANNA,-4.45649,102.94498
28,KPH027,KandangKPH,KEPAHIANG,SEBERANG MUSI,-3.682581,102.596871
29,KOT205,GunungMeraksaTanggamus,TANGGAMUS,PULAU PANGGUNG,-5.327431,104.718911
30,KOT094,TanjungHeran,TANGGAMUS,PUGUNG,-5.33181,104.7975
31,KUI011,PantaiTanjungSetia,PESISIR BARAT,PESISIR SELATAN,-5.30966,104.00081
32,KUI008,PadangHaluan,PESISIR BARAT,KRUI SELATAN,-5.2287,103.9356
33,LIW200,BatuKebayan2,LAMPUNG BARAT,BATU KETULIS,-5.03172,104.25063
34,GNS249,UmanAgung,LAMPUNG TENGAH,BANDAR MATARAM,-4.74695,105.42395
35,GNS189,Ramaindra,LAMPUNG TENGAH,SEPUTIH RAMAN,-4.92302,105.3399
36,GNS183,BumiNabungUtara,LAMPUNG TENGAH,BUMI NABUNG,-4.66316,105.57424
37,GNS134,BumiNabungIlir,LAMPUNG TENGAH,BUMI NABUNG,-4.665999,105.55214
38,GNS115,SumberAgungMataram,LAMPUNG TENGAH,SEPUTIH MATARAM,-4.828545,105.34503
39,JBI025,NEWJELUTUNG2,KOTA JAMBI,JELUTUNG,-1.605608,103.61612
40,SGE095,TalangBelido2,MUARO JAMBI,SUNGAI GELAM,-1.69005,103.65361
41,SKY335,LaiSMUbaSMA3,MUSI BANYUASIN,LAIS,-2.86844,104.07471
42,SKY334,SetiaJayaSungaiKeruh,MUSI BANYUASIN,SUNGAI KERUH,-3.15247,103.72446
43,SKY096,SukaDamaiSekayu,MUSI BANYUASIN,PLAKAT TINGGI,-2.87595,103.52118
44,SKY031,TanjungRayaSangadesa,MUSI BANYUASIN,SANGA DESA,-2.73378,103.4743
45,SKY084,NgantiMuba,MUSI BANYUASIN,SANGA DESA,-2.79261,103.37869
46,TGI002,TalangRandai,EMPAT LAWANG,PASEMAH AIR KERUH,-3.8398,102.7358
47,LLG261,Widodo,KOTA LUBUK LINGGAU,LUBUK LINGGAU UTARA I,-3.194541,102.919831
48,MBB023,DwijayaMusirawas,MUSI RAWAS,TUGUMULYO,-3.14784,102.97499
49,UQP018,UHPIO3UNUNG_KEMBANG_BARU,MUSI RAWAS,BULANG TENGAH SUKU ULU,-3.45334,103.21811
50,MBN017,NewMuaraBulian2,BATANGHARI,MUARA BULIAN,-1.72622,103.2399
51,MBN056,RantauKapasTuo,BATANGHARI,MUARA TEMBESI,-1.683501,103.101901
52,SRJ062,PematangKabau2,SAROLANGUN,AIR HITAM,-1.95999,102.58981
53,OKI174,TulungSelapanTanjung,OGAN KOMERING ILIR,TULUNG SELAPAN,-3.254388,105.31345
54,OKI104,SriTanjung2,OGAN KOMERING ILIR,TANJUNG LUBUK,-3.61283,104.71183
55,OKI191,KijangBatuAmpar,OGAN KOMERING ILIR,SIRAH PULAU PADANG,-3.31601,104.84069
56,MPR170,TebatJaya,OGAN KOMERING ULU TIMUR,BUAY MADANG,-4.244573,104.497773
57,MPR160,NusaAgung2,OGAN KOMERING ULU TIMUR,BELITANG II,-4.088891,104.772521
58,MPR150,KarangKemiriBelitang,OGAN KOMERING ULU TIMUR,BELITANG,-4.170567,104.628627
59,OKU011,Peninjauan,OGAN KOMERING ULU,PENINJAUAN,-3.884591,104.378751
60,IDY005,OganIlirTanjungraja,OGAN ILIR,TANJUNG RAJA,-3.34554,104.76116
61,SAT123,TanjungLalang2,MUARA ENIM,TANJUNG AGUNG,-3.84483,103.79761
62,NTB096,SugihWarasRambang,MUARA ENIM,RAMBANG,-3.561238,104.13779
63,PBM004,SungaiMedangCambai,KOTA PRABUMULIH,CAMBAI,-3.40495,104.23113
64,KLA346,Pujorahayu,PRINGSEWU,GADING REJO,-5.327821,105.055111
65,GTT002,KejadianTegineneng,PESAWARAN,TEGINENENG,-5.187561,105.178341
66,SKD208,KarangAnom,LAMPUNG TIMUR,WAWAY KARYA,-5.4442,105.59258
67,SKD194,DesajeparaReloc,LAMPUNG TIMUR,WAY JEPARA,-5.215561,105.721981
68,SKD037,PasarBandarAgung2,LAMPUNG TIMUR,BANDAR SRIBHAWONO,-5.30152,105.70437
69,KTL126,MuaraDeli,TANJUNG JABUNG BARAT,KUALA BETARA,-0.879431,103.492041
70,KTL128,BramItamKiri,TANJUNG JABUNG BARAT,BRAM ITAM,-0.87736,103.39808
71,KTL137,LubukTerap,TANJUNG JABUNG BARAT,MERLUNG,-1.26294,103.01382
72,MSK082,JalurDendang,TANJUNG JABUNG TIMUR,DENDANG,-1.213012,103.940981
73,MSK052,LamburLuar2,TANJUNG JABUNG TIMUR,MUARA SABAK TIMUR,-1.01852,103.9522
74,MAB109,TanahPeriuk,BUNGO,TANAH SEPENGGAL LINTAS,-1.39242,101.97311
75,MTB087,RantauApi,TEBO,TENGAH ILIR,-1.48326,102.65794
76,MGA254,JayaMurni,TULANG BAWANG BARAT,GUNUNG AGUNG,-4.192401,105.056911
77,MGA264,PenawarBaru,TULANG BAWANG,GEDUNG AJI,-4.336128,105.32934
78,MGA151,Sungainibung2,TULANG BAWANG,DENTE TELADAS,-4.49205,105.84639
79,MGA148,KecubungJaya,TULANG BAWANG,GEDUNG AJI,-4.29178,105.38346
80,MGA128,TriRejoMulyo,TULANG BAWANG,PENAWAR TAMA,-4.184666,105.46774
81,BLU087,TiuhBalakI,WAY KANAN,BARADATU,-4.703579,104.5405
82,BLU069,Sriwijaya3,WAY KANAN,BLAMBANGAN UMPU,-4.61491,104.54273
83,KBI025,TataKarya,LAMPUNG UTARA,ABUNG SURAKARTA,-4.6866,105.03654
84,KBI011,KotaBumiRejosari,LAMPUNG UTARA,KOTABUMI,-4.820722,104.9035
85,KBI004,TarukoKotaBumi,LAMPUNG UTARA,KOTABUMI SELATAN,-4.8595,104.893722
86,PBI113,SukomoroSelatan,KOTA PALEMBANG,ILIR BARAT SATU,-2.94085,104.61974
87,PBI232,HarunSonar2PLH,KOTA PALEMBANG,SUKARAMI,-2.90942,104.721
88,PLG365,PerumBandaraPLH,KOTA PALEMBANG,SUKARAMI,-2.906641,104.726001
89,PLG783,UINPalembang,KOTA PALEMBANG,KEMUNING,-2.964545,104.748447
90,PLG811,GandusRumahGubernur,KOTA PALEMBANG,GANDUS,-2.98647,104.68256
91,MBB031,MuaraLakitan3,MUSI RAWAS,MUARA LAKITAN,-2.81513,103.30433
92,TIS064,LubukResam,SELUMA,SELUMA UTARA,-3.97208,102.643436
93,MSK094,PtwksDistrik7Tanjabtim,TANJUNG JABUNG TIMUR,GERAGAI,-1.360761,103.622951
94,SGE147,SipinTlkDuren,MUARO JAMBI,KUMPEH ULU,-1.586971,103.810541
95,MBN082,KembangSeri,BATANGHARI,MARO SEBO ULU,-1.589083,102.828972
96,PEW004,TunggulPawenang,PRINGSEWU,ADI LUWIH,-5.22312,105.05682
97,PEW007,Panjerejo,PRINGSEWU,GADING REJO,-5.38091,104.99543
98,GNS205,SINARSEPUTIH,LAMPUNG TENGAH,BANGUNREJO,-5.128741,105.055388
99,LIW030,HanakauLambar,LAMPUNG BARAT,SUKAU,-4.989943,104.080696
100,MES003,Adimulyo,MESUJI,PANCA JAYA,-3.953046,105.258
101,MPR083,TrantangSakti,OGAN KOMERING ULU TIMUR,BUAY MADANG,-4.294061,104.475351
102,OKI213,GedungRejo,OGAN KOMERING ILIR,MESUJI RAYA,-3.697811,105.055571
103,SAT206,Gelumbang3,MUARA ENIM,GELUMBANG,-3.24633,104.43253
104,MRD049,UlakAgungUlu,OGAN KOMERING ULU SELATAN,MUARADUA KISAM,-4.411531,103.754631
105,MGR042,SimpangTiga,BELITUNG TIMUR,SIMPANG RENGGIANG,-2.84369,107.90446
106,AGR156,PasarBembah,BENGKULU UTARA,AIR NAPAL,-3.640433,102.205069
107,BIN035,TanjungDalamTetap,KAUR,TETAP,-4.742791,103.345743
108,KRI200,DusunBaruI,KOTA BENGKULU,MUARA BANGKA HULU,-3.75607,102.31698
109,LHT103,IAAS_PTBasirahPulau,LAHAT,MERAPI TIMUR,-3.7272224,103.7195141
110,TIS057,PadangRambun,SELUMA,SELUMA SELATAN,-4.083551,102.535081
111,MBN102,SimpangJelutih,BATANGHARI,BATIN XXIV,-1.90586,102.99298
112,MAB154,Empelu,BUNGO,TANAH SEPENGGAL,-1.422521,101.983851
113,JBI028,RSSiloamJambi,KOTA JAMBI,JAMBI SELATAN,-1.628361,103.635641
114,BKO113,PulauBaru,MERANGIN,BATANG MASUMAI,-2.084172,102.179995
115,MTB079,GiriWinangun2,TEBO,RIMBO ILIR,-1.36366,102.25411
116,KLA308,SumberJayaLamsel,LAMPUNG SELATAN,JATI AGUNG,-5.29122,105.357904
117,SLT050,Suryatimur,BANGKA,SUNGAILIAT,-1.89149,106.13123
118,KOB024,RamadhonSungaiSelan,BANGKA TENGAH,SUNGAI SELAN,-2.291651,105.991701
119,MGR037,BatuPenyu,BELITUNG TIMUR,GANTUNG,-2.99575,108.13039
